937562048,Aleshia,Tomkiewicz,41 Benedict St,Aldborough,IG2 7QG,01835-703597,18/01/1963,atomkiewicz@hotmail.com,1,1,58,1,
226179655,Evan,Zigomalas,96 King St," Hammersmith,",W6 0QW,01937-864715,31/05/2014,evan.zigomalas@gmail.com,3,1,6,2,
658975511,France,Andrade,61 Miriam St,Abbey Road,NW8 9BD,01347-368222,22/02/2001,france.andrade@hotmail.com,2,8,20,3,
609073282,Ulysses,Mcwalters,5382 Redfern St,West End,W1J 0QH,01912-771311,01/07/1941,ulysses@hotmail.com,4,0,79,4,15
144521065,Tyisha,Veness,7901 Beech St,St. Helier,SM4 5PY,01547-429341,01/12/2001,tyisha.veness@hotmail.com,2,3,19,5,
323795012,Eric,Rampy,684 Cotswold St,Victoria,E9 7NG,01969-886290,06/01/1975,erampy@rampy.co.uk,5,5,46,6,
850601774,Marg,Grasmick,231 Wordsworth St,Harrow Weald,HA3 6TH,01865-582516,07/09/1969,marg@hotmail.com,1,3,51,7,
908505381,Laquita,Hisaw,76 Paulton St,Lancaster Gate,W2 3JT,01746-394243,15/09/2005,laquita@yahoo.com,1,0,15,8,
116380431,Lura,Manzella,5 Bentinck St,Churchill,SW1V 3EW,01907-538509,18/09/1956,lura@hotmail.com,4,1,64,9,
430709311,Yuette,Klapec,7 Canton St,Mildmay,N1 4RF,01903-649460,15/02/1986,yuette.klapec@klapec.co.uk,5,4,35,10,
563222737,Fernanda,Writer,91 Ludlow St,Woodhouse,N12 0EF,01630-202053,26/01/1991,fernanda@writer.co.uk,5,2,30,11,24
380200977,Charlesetta,Erm,2476 Marsh St,Markhouse,E17 8NP,01276-816806,12/07/1997,charlesetta_erm@gmail.com,2,2,23,12,
635942168,Corrinne,Jaret,1 Jervis St,High Barnet,EN5 4LH,01625-932209,01/10/1980,corrinne_jaret@gmail.com,4,9,40,13,
720350341,Niesha,Bruch,2015 Suburban Rd,Springfield,N16 6TD,01874-856950,15/04/2005,niesha.bruch@yahoo.com,3,2,15,14,
570119135,Rueben,Gastellum,9283 Ruth St #81,Dormers Wells,UB1 2FH,01976-755279,24/05/1997,rueben_gastellum@gastellum.co.uk,2,7,23,15,17
854598297,Michell,Throssell,62 Margaret St,Royal Hospital,SW3 4ND,01967-580851,21/01/1980,mthrossell@throssell.co.uk,5,1,41,16,6
407514073,Edgar,Kanne,457 Broadway,Enfield,N21 6RE,01326-532337,16/06/1970,edgar.kanne@yahoo.com,5,2,50,17,
922508505,Dewitt,Throssell,62 Margaret St,Royal Hospital,SW3 4ND,01253-528327,09/05/2011,dewitt.julio@hotmail.com,3,1,9,16,
431735908,Charisse,Spinello,76 Dawber St #6,Blackheath Westcombe,SE3 7JY,01719-831436,31/12/1968,charisse_spinello@spinello.co.uk,4,5,52,18,
445122059,Mee,Lapinski,52 Trowbridge St,Knightsbridge and Belgravia,SW1X 9HB,01578-287816,19/03/2015,mee.lapinski@yahoo.com,3,3,6,19,
546066240,Peter,Gutierres,3347 Lawrence Rd #456,Haverstock,NW5 4EU,01842-767201,05/02/2003,peter_gutierres@yahoo.com,1,0,18,20,2
713336435,Octavio,Salvadore,2 Kirkdale Rd,Canning Town North,E16 4NF,01552-709248,21/09/1994,octavio.salvadore@yahoo.com,5,0,26,21,
152129295,Martha,Teplica,588 Venmore St,Twickenham Riverside,TW1 2QH,01677-684257,29/09/2004,mteplica@teplica.co.uk,2,2,16,22,
257605088,Tamesha,Veigel,5588 Lake St #903,Crystal Palace,SE19 2TJ,01217-342071,19/07/2005,tveigel@veigel.co.uk,3,1,15,23,
431520322,Tess,Sitra,5 Gainsborough Rd,Newington,SE1 6EH,01473-229124,01/09/1974,tess_sitra@hotmail.com,5,0,46,24,
199948820,Leonard,Kufner,9960 Gilroy Rd,Woodhouse,N12 9JT,01230-623547,20/10/2000,lkufner@kufner.co.uk,2,1,20,25,
356575562,Svetlana,Tauras,90 Victoria Road,Kilburn,E37 4BP,01781-827317,02/07/1966,svetlana_tauras@tauras.co.uk,5,1,54,26,
749398180,Reed,Throssell,62 Margaret St,Royal Hospital,SW3 4ND,01866-248660,19/10/2009,pok@yahoo.com,3,1,11,16,
230359880,Augustine,Growcock,9166 Devon St #905,Knightsbridge and Belgravia,SW1W 8JY,01541-802635,16/05/1970,augustine.growcock@growcock.co.uk,5,3,50,27,
659756688,Karma,Quarto,5344 Bengel St #5,Millwall,E14 5DR,01857-864722,12/10/1976,kquarto@gmail.com,5,4,44,28,
777113513,Reed,Weisinger,9923 Dinorben St #4838,Childs Hill,NW11 8DY,01243-678286,06/04/1996,reed_weisinger@yahoo.com,2,14,24,29,16
646742114,German,Zelaya,7643 Campbell St,Penge and Cator,BR3 1LT,01400-269033,08/08/2009,german@hotmail.com,3,0,11,30,
543510486,Milly,Savidge,1779 Bird St,East Sheen,SW14 8JZ,01702-725589,10/04/2006,milly@gmail.com,1,6,14,31,
120021053,Luis,Ear,7 Netley St,Custom House,E16 3DP,01462-648669,01/08/2000,luis@hotmail.com,4,5,20,32,
412253428,Ciara,Cobbley,2 Prince Rupert St,West Wickham,BR3 6SX,01235-647932,11/09/1996,ciara_cobbley@hotmail.com,2,5,24,33,
859296344,Alethea,Quarto,5344 Bengel St #5,Millwall,E14 5DR,01662-114247,20/04/2008,alethea@hotmail.com,3,5,12,28,
621218237,Margurite,Loperfido,6452 Pilgrim St #5,Seven Sisters,N15 6TH,01407-866759,20/03/2013,mloperfido@gmail.com,3,2,8,34,3
846230934,Vernice,Sperazza,70 Lilly Rd,Shirley,CR0 7PT,01822-563044,08/10/1973,vernice@yahoo.com,5,1,47,35,
113446674,Vicente,Rawicki,5344 Bengel St #5,Millwall,E14 5DR,01327-770774,10/04/1940,vicente_rawicki@hotmail.com,5,4,80,36,8
562174892,Craig,Cua,8388 Bessemer St #5,East Putney,SW15 2RP,01483-418969,05/01/1990,craig@hotmail.com,2,10,31,37,
758413703,Jenise,Dulle,5382 Redfern St,West End,W1J 0QH,01709-854691,05/11/1998,jenise.dulle@hotmail.com,4,2,22,38,18
621063063,Marylin,Cornelison,45 Bidder St #38,Town,EN1 3HT,01609-882184,19/12/1943,marylin_cornelison@yahoo.com,5,1,77,39,
391022834,Marget,Gunst,227 Albert Terrace,Belvedere,DA17 6EF,01693-310794,02/01/2007,mgunst@yahoo.com,1,1,14,40,
298663973,Annett,Bunselmeyer,464 Back Nile St #618,Acton Central,W3 6QJ,01891-702579,08/03/2002,abunselmeyer@hotmail.com,2,1,19,41,
925968467,Kip,Turziano,4 Northbrook St #600,Edmonton Green,N18 2NF,01850-347846,19/10/2000,kip.turziano@yahoo.com,2,3,20,42,
844858033,Melina,Orizabal,11 Tetlow St,Parsons Green and Walham,SW6 4QP,01420-307327,19/01/2007,melina@gmail.com,3,5,14,43,22
385399409,Tina,Clapham,6301 Dorset Rd,Harefield,UB9 6LF,01567-296442,08/06/1981,tclapham@gmail.com,5,5,39,44,
206614889,Luisa,Devereux,22 Kilshaw St,Wimbledon Park,SW19 7DT,01607-269930,03/09/1958,ldevereux@gmail.com,5,4,62,45,
980407596,Pedro,Aschoff,62 Euston St,Bunhill,EC1Y 8RT,01386-981141,27/06/2001,paschoff@yahoo.com,2,2,19,46,
818337485,Carrol,Kunimitsu,67 Micawber St,Brockley,SE14 6RQ,01260-641258,26/08/1994,carrol_kunimitsu@yahoo.com,5,3,26,47,